X,Y,Z,Roll,Pitch,Yaw
0,0,0,0,0,0
0.9,0.25,0,-23.88,-2.17,3.04
0.25,0.399521813,0.040139569,-24.86,-2.62,0.12
1.286017608,0.412555631,-0.076182795,38.18,0,0
0.149411984,1.122836519,-0.004406992,-12.42,0,0
1.300496404,0.036331807,-0.001892508,-24,0,0
1.640323835,1.119263363,-0.00845552,21.37,0,0
0.067515081,0.196252587,-0.001482368,-41.62,1.94,1.77
1.644836817,0.678322303,-0.00384618,-41.59,2.04,1.93
-2,0.099507019,-0.002555209,-11.52,0,0
0.199748565,0.938035522,-0.00275016,8.01,0,0
1.950374713,0.91022538,0.010903059,-44.8,2.11,2.14
1.94603703,2,0,-44.36,-0.73,-1
1.578991389,0.029160563,0.067214036,2.47,-3.6,-0.15
-0.5,0.397399826,-0.103493388,-47.18,-1.78,-4.12
-0.75,2,-0.000993307,-43.4,-3.83,2.11
0.559701234,0.75,0.00267133,-44.12,-0.71,-1.01
0,0.594388245,-0.044618951,-15.29,2.44,-0.98
-2,0,0,-10.09,3.14,-0.47
0,0.653218769,0.000572026,-4.51,0,0
2,0,0,38.72,0,0
-1,0.814255982,0.000739781,33.06,0,0
0.89163861,0.846771565,-0.000742841,-4.36,0,0
0.497994748,0.9001023,0.001331055,33.36,0,0
0.85137344,1.68591685,0.08725647,8.06,-2.9,0.39
2,1.70098739,-0.160457086,-16.47,-1.85,-0.97
1.721627996,-2,0,-9.32,0,2.68
-1.5,1.628569595,0.003785875,-8.79,3.14,-0.45
2,1.5,0.012061972,-9.05,0,2.67
0.600069354,0.602886734,0.006764883,-3.55,0,0
1.215645002,1.273064574,0.005769335,39.99,0,0
1.030555524,1.647188085,-0.00176231,35.42,0,0
0.505548842,0.993225304,0.005121833,-5.57,0,2.66
2,0.285113368,0.003074266,-4.3,0,-3.55
1.710743789,-1.5,0.004578206,-2.21,-3.14,-0.6
1.952315073,1.62265858,0.066443952,11.58,-9.1,0.22
1.676843281,1.588660866,-0.098615975,-8.49,0,0
0.85489275,0.200732621,0.004033727,43.23,0,0
1.737654105,1.227607968,0.004443106,41.54,0,0
0.694604499,1.910654678,-0.000670918,6.28,0,2.14
1.780921793,-1.75,0.002173586,9.81,0,1.87
0.489849238,0.389872858,0.006466856,58.73,0,0
1.590090345,1.136636743,-0.003102672,3.17,0,0
0.413546429,0.832308865,0.004921671,23.64,-3.39,0.95
0.024510484,1.960155649,0.002312452,28.56,-0.08,-1.54
0.406551588,1.387009613,0.000691171,33.85,0.11,-1.01
0.865174443,0.017026674,0.050177595,27.56,-2.6,1.03
0.371357429,0.790764601,-0.061837788,42.8,0,0
0.117519512,0.715446247,0,50.11,0,0
1.005936337,1.82403508,-0.002161536,50.84,0,0
1.972084173,0.65677356,0.002137977,51.63,0,0
0.066155381,1.591556961,-0.002161536,52.24,0,0
0.347486837,1.594777532,-0.00277121,-5.79,0,0
0.6010205,0.473812946,0.005549805,44.35,0.99,5.2
0.008479605,1.335379923,0.001555015,56.71,0,0
1.469867346,1.729847944,0.00215009,9.41,0,0
0.92373404,0.349080236,-0.015615498,11.54,0,0
1.424303876,1.12613582,0.053062042,-38.14,0,0
1.693940411,1.400171579,-0.072141676,51.69,0,0
0.843574502,1.864453404,0,11.43,0,0
1.060205762,0.237823664,0,11.66,0,0
0.359126037,0.491293688,0,11.87,0,0
0.163537518,0.830232468,0.006377383,12.06,0,0
0.50516787,0.566771785,0,12.29,0,0
1.265928808,0.668555152,-0.002103977,12.39,0,0
1.959240259,0.770897149,0.002081535,12.67,0,0
1.454672001,0.358820774,0.0126445,12.1,0,0
1.252678115,1.453690274,0.004554057,12.52,0,0
1.393187257,0.557212549,0.035905943,-39.3,0,0
2,1.722178459,-0.046496966,54.64,0,0
1.5,-1.5,0.004566619,12.77,0,0
1,-1,0.002211062,12.93,0,0
0,-0.5,-0.004686401,12.94,0,0
2,1.528916592,-0.009134107,13.53,0,0
2,0,0,13.36,0,0
2,0.5,-0.00450231,13.41,0,0
1.5,0.5,-4.85089E-05,13.56,0,0
1.543900477,2,0.003266794,-30.3,0,0
1.802767826,1.75,0.002243621,15.52,-1.16,-0.76
0.363511275,1.682915211,0.043120323,4.84,-2.33,-0.18
1.47440669,1.141577399,-0.055524787,14.87,-3.77,-3.91
0.997387728,0.186142164,0.002146632,17.82,-1.09,-0.8
0.092648879,0.636280686,0.005807473,20.75,-4.07,2.28
0.441677573,1,0.008826515,19.87,-3.97,2.24
0.861237084,0.75,0.007798875,20.2,-0.9,-0.9
0.155540148,1.656303378,0.009299501,39.12,0,0
0.75,1.52304882,-0.096412108,28.34,0,0
0.25,0.5,0.002848718,28.2,-3.68,1.94
0.493201499,0.5,0.000505715,28.27,-0.57,-1.19
0.545819071,0.140507885,0.124955313,24.02,-0.81,-1.06
1.801049526,1,0.007239802,40.18,-2.17,-0.31
0.513900047,0.290107662,-0.061826849,19.93,-1.67,-0.74
0.192341137,1.227281503,0.089973868,28.6,0.05,-1.19
0.81491583,1.071541843,0.125899315,24.32,-3.9,2.05
-0.25,0.356867847,0.000412642,23.63,-3.84,2.07
1.964486023,0,0.003965163,23.51,-0.73,-1.06
0.486291133,0.296349223,0.010426444,38.41,0,0
-0.5,1.369426981,-0.0858098,28.33,0,0
0,0.25,0.002954251,28.19,-0.54,-1.21
0.5,1,0,28.18,-0.54,-1.21
0,1,0.001281847,28.24,-3.68,1.93
0.75,1,0,28.21,-3.68,1.93
0.293390484,1.25,-0.0009922,28.14,-0.54,-1.21
1.284842972,0.302610023,-0.602550747,20.02,-1.48,-0.74
0.5,0.036910017,0.094695136,28.51,-3.07,1.93
0,2,0.001309414,28.26,-3.67,1.92
0,0.412843384,0.001649735,28.18,-3.68,1.93
1.193782198,1.676554741,-0.000966574,28.08,-3.69,1.93
0.44220396,0.313514902,0.050502701,29.03,-3.48,1.83
0.760978855,0.968140704,0.068114056,19.3,-1.07,-0.99
0.533113705,1.86796736,-0.010915202,19.41,-0.91,-0.96
1.15186619,0.410327306,0.009593265,0,0,0
0.25,0.346449756,-0.04967605,-15.62,0,0
0.609765376,1.725145891,0.000125053,29.42,-3.58,1.83
-1.5,0.89214874,0.042886659,56.36,0,0
1.826965822,0,-0.005919779,14.11,0,0
1.550306469,1.016822528,0.034247542,-39.66,0,0
1.196360628,1.198273526,0.038855821,-23.01,-2.37,0
0,0.263990791,-0.11142723,58.7,0,0
0,0,0,14.14,0,0
0.071722569,0,0.003752994,14.25,0,0
1.274061135,0.673328006,0.010342126,-0.73,0,0
-1.25,0.144393613,-0.030339582,29.49,-0.56,-1.29
-0.75,0,-0.001121193,28.54,-0.44,-1.29
0.5,0.25,-0.005201875,28.59,-0.47,-1.29
-0.25,1,0.002466937,29.21,-3.59,1.85
1.628523382,0,-0.00158659,29.23,-0.47,-1.28
0.25,1.632415323,0.04086139,53.32,-4.5,2.34
0.814886194,-0.75,-0.004756779,55.86,-1.44,-1.22
0.685030706,0.525682193,0.074133863,7.37,-5.71,2.41
1.876403915,1.708227337,-0.119758139,55.22,-3.81,2.32
-0.25,1.300324371,0.009915842,54.03,-4.94,2.06
0.5,-0.25,0.002593226,54.84,-1.79,-1.2
0.5,0,0.001915348,54.94,-1.78,-1.22
0.5,-0.5,0.000313025,54.11,-4.86,1.9
1,1.75,0.000140512,55.38,-4.92,1.93
1,1.5,0.008965825,56.35,-4.93,1.92
0.812465368,1,0.002440848,56.51,-4.93,1.94
1.5,0.072976416,0.012931199,58.21,1.32,-1.19
1.258992271,1.25,0.001953295,13.8,-1.78,-1.18
0.595073746,1.87503127,0.042667351,7.69,-5.19,2.84
2,1.877877226,-0.037705162,58.13,0,0
-0.25,1.012347533,0.007299633,-29.95,0,0
-0.75,1.25,0.002829353,14.63,-4.33,2.39
-1,-0.25,0.003409235,57.68,0,0
1.649559743,0.309108445,0.008946414,-28.92,0,0
0.58589323,0.397903252,0.007453582,7.05,-5.16,2.8
0.613146025,1.5,-0.008562306,8.76,-1.76,-0.35
1.581961969,1.5,0.005634945,8.98,-4.79,2.75
1.250541912,2,-0.005342446,9.48,-4.84,2.73
0.460712573,2,0,9.95,-4.79,2.7
1.918750326,1.470281044,0.003100883,10.23,-4.8,2.7
0.139522542,0.061792401,-0.001530945,19.43,-1.13,2.44
0.666964505,0.261967581,-0.034477308,-3.44,-4.07,-0.34
1.25,1.614916102,0.033481764,-9.7,1.72,-0.46
0.669180558,1.644161293,0.0023467,1.94,-6.99,-0.48
0.981526813,0.473664282,0,10.74,-4.75,2.65
1.318539924,0.913677705,0.00438814,10.88,-1.6,-0.5
1,1.575018608,-0.0002885,20.53,-1.12,-0.73
1.082447366,1.462953261,0.005399479,3.5,-7.1,-0.52
1.91444501,1.75,-0.003386303,11.38,-1.56,-0.53
-0.5,1.028481242,0.00160988,22.97,-4.1,2.32
1.744192299,1.064156855,0.006211624,4.43,-7.17,-0.57
1.772505414,0,-0.002737516,11.95,-4.62,2.56
1.933413986,0.847048787,-0.055008079,5.59,-1.98,2.8
2,0.403035584,0.037452242,-7.14,-1.21,-0.58
0.276039691,1.65517964,0.004568909,7.1,-4.12,2.51
0.581638278,0.118705039,-0.001290086,23.04,-4.1,2.28
1.710044515,0.59632857,-0.004063404,8.34,-4.16,2.47
0.941183475,0.342067901,-0.000316237,23.79,-0.98,-0.87
0.028358616,-1.5,-0.001077344,19.89,-3.75,2.24
2,-1.5,-0.006646952,20.32,-3.83,2.23
1.5,-1.75,0.002690672,20.59,-3.82,2.23
1.75,-1.25,-0.004879588,20.83,-0.69,-0.92
0.735683038,-0.75,0.004794206,21.08,-3.84,2.22
1.448487643,1.865893696,-0.038875635,1.56,-1.87,2.8
1,1.140114405,0.034023362,-4.3,-4.12,2.45
0.5,-1,0,21.29,-3.84,2.21
0,-0.5,-0.006668161,21.39,-0.71,-0.94
-2,-1,0,21.46,-0.71,-0.94
0,0.835001176,-0.005310302,10.75,-1.07,-0.76
0,-0.5,0.001602433,14.21,-1.24,-0.76
1.09444636,-0.25,-0.002190736,14.2,-1.22,-0.76
0,-0.5,-0.002921637,14.68,-1.17,-0.79
0,-0.25,-0.002298158,14.66,-1.17,-0.79
0.121284463,0,0,14.61,-1.18,-0.79
0.748559967,1.416690182,-0.022616158,4.73,-2.09,2.8
-0.5,0.406769134,0.017467737,-7.31,-1.07,-0.64
-0.25,0.535040648,0.003124373,12.99,-1.07,-0.79
1.096393289,-1,0.001303107,14.72,-1.18,-0.79
-0.5,1.338174759,-0.004935809,25.25,-3.95,2.17
-1,-0.75,0.004596326,22.49,-3.84,2.16
-0.75,-0.75,0.001615069,22.59,-3.85,2.17
-1.25,-1.25,0.004717478,22.5,-3.84,2.16
-1.5,-0.75,0.004773676,22.59,-3.87,2.16
0.468736264,-0.75,0.004775535,22.62,-3.85,2.16
1.021202665,-0.25,0.004831826,22.62,-0.72,-0.97
0.507020515,0.464380881,-0.046304207,1.91,-1.99,2.8
0.14610135,1.156003798,0.00874273,11.99,0,0
0.739134493,1.865581526,-0.011824722,26.73,0,0
1.301998228,0.286606456,0.123844635,22.99,-4.06,2.17
1.378804556,0.688621432,0.016824999,48.92,-0.15,-1.24
1.65489331,0.326909118,-0.023086638,26.62,-0.97,-1.09
0.608847906,0.888984557,0.123919612,20.05,-1.04,-0.9
0.711268758,0.990749266,0.012986154,38.48,0,0
1.177372554,1.659285193,-0.053628897,26.55,0,0
1.762376819,0.583457699,0.123782467,20.1,-4.16,2.23
0.299994168,1.959457956,0.017045005,49.64,-0.15,-1.24
0.247929473,1.899897341,-0.024389591,26.41,-1.01,-1.06
1.767500926,0.828101522,0.123541682,18.87,-1.1,-0.86
1.892186941,1.327873424,0.013158766,38.7,0,0
0.155869889,1.172679954,-0.055879572,26.24,0,0
1.456060285,1.046056442,0.123265136,20.41,-1.05,-0.88
1.612134751,1.542197496,-0.064495598,2.31,-1.89,2.8
1.186391179,1.025854008,0.012306172,-10.58,0,0
1.354358541,0.601854799,-0.046372224,-18.93,0,0
0.892054606,1.103789534,0.123159074,20.62,-1.04,-0.88
1.389865292,0.988120101,0.010100548,37.97,0,0
1.410235938,0.363904369,-0.013153326,26.01,0,0
-0.5,1.985671477,0.123098994,21.84,-0.97,-0.91
1.25,1,-0.002362746,21,-0.74,-0.9
0.75,0,-0.007983647,20.81,-3.82,2.23
-0.5,0.5,-0.006869256,20.84,-0.73,-0.91
-2,0.5,-0.006776874,20.75,-0.72,-0.9
0,1.391023683,-0.001465476,11.32,-4.17,2.4
0.63385877,-0.25,0.002405177,14.59,-1.23,-0.74
0.381702221,1.398360574,-0.039428764,4.84,-2.02,2.8
0,1.345319963,0.030125507,-13.88,-1.36,-0.51
-0.5,0,0,14.8,-1.21,-0.74
-0.75,0,-0.002725569,14.85,-4.34,2.4
-1.25,-0.25,-0.001992065,14.98,-4.37,2.41
-0.75,-0.5,-0.004166804,14.85,-4.33,2.41
-1.25,-1,0.002832326,14.94,-4.32,2.4
-1.75,-0.25,0.000696022,15.09,-4.36,2.42
-1.5,-0.5,-0.001795125,15.02,-4.32,2.41
-2,-0.75,-0.001483608,15.43,-1.23,-0.71
1.961611627,0,0,15.16,-1.19,-0.7
0.971832106,1.636177796,-0.027540516,4.69,-1.91,2.8
-2,1.966952288,0.023486937,-13.53,-4.54,2.67
1.881624706,-1,0,14.96,-4.34,2.44
1.438182898,-1,-0.001498101,14.99,-1.24,-0.68
1.454253805,-0.25,0.004426517,14.98,-4.34,2.46
1.470683913,-0.25,-0.000327253,14.55,-4.34,2.46
1.16372015,-0.25,0.000190608,14.57,-4.36,2.46
1.928891742,0.5,0.002707056,14,-4.37,2.47
-0.75,0.5,0.00203436,13.91,-4.44,2.49
0.066153003,0,0.004121647,13.97,-1.3,-0.64
1.344669791,0.75,0.006603873,13.56,-1.29,-0.64
0,-1,-0.046339394,5.24,-1.9,2.8
1.622511711,0,0,-23.88,-2.17,3.04
0.303129346,1.75,0.037276567,-15.84,-1.57,-0.4
-2,0.75,0.007038298,13.17,-4.5,2.52
-1.25,0.75,-0.002114933,12.85,-1.39,-0.6
-1,1.25,0.00644005,12.73,-4.5,2.54
-0.75,0.5,0.000525072,12.74,-1.44,-0.58
-0.75,0.5,0.00160719,12.42,-4.53,2.56
-0.25,1.279356009,-0.004229284,12.86,-1.42,-0.58
-1,-0.25,0.00181555,12.55,-1.37,-0.59
-1,0.5,-0.006411768,12.82,-1.42,-0.58
1.321624187,0.850444304,-0.004586459,13.65,-4.5,2.55
1.941003545,1.235750489,-0.0463218,5.12,-1.82,2.8
-0.25,1.314045713,0.038505231,-15.47,-4.76,2.77
-0.25,0.5,-0.000318514,13.66,-1.3,-0.59
0.25,0,-0.002447068,13.78,-1.26,-0.59
-0.5,0.5,-0.002052036,13.56,-1.21,-0.6
0,0.25,0.00085317,13.75,-1.22,-0.6
-0.25,0.25,-0.002172008,13.55,-1.21,-0.6
0.25,-0.25,0.004208774,13.6,-1.24,-0.59
0.25,-0.25,-0.000546586,13.47,-4.32,2.54
0,-0.5,-0.000358848,13.54,-1.25,-0.59
0.364333743,0.5,0.000415532,13.41,-1.25,-0.58
0.721667818,1.987114441,-0.044694462,4.64,-1.73,2.8
0.25,0.649844569,0.039042719,-15,-1.65,-0.36
0.5,-0.25,0.000623692,13.47,-1.24,-0.59
0.25,-0.25,-0.002227962,13.31,-4.34,2.53
0.5,-0.25,-0.002687732,13.35,-1.29,-0.6
0,0.5,0.002055003,13.58,-4.39,2.53
1,0.5,0.0003742,13.32,-1.28,-0.6
1.25,0,0,13.46,-1.26,-0.6
0.75,0,0.004284529,13.45,-1.3,-0.59
1.25,0,-0.001612069,13.07,-1.26,-0.6
1.01752106,-0.75,0.005238424,13.21,-1.32,-0.59
0.90318721,0.706878234,-0.056091219,5.26,-1.82,2.8
0.998100711,1.642163305,0.050949887,-16,-4.79,2.78
0.25,1.762637775,0.004661577,12.88,-4.53,2.58
1.96967133,1,0.000965586,13.4,-4.45,2.56
1.806303329,1.047222748,0.017538879,69.99,0,0
0.299858532,0.738574904,-0.090148277,-33.71,0,0
0.663871619,1.803904294,0.024833396,39.46,0,0
0.525568362,0.100868388,-0.010173774,25.03,0,0
0.259059786,1.113776652,0.119012392,12.54,-1.47,-0.61
0.160821191,1.314522243,0.03149896,35.25,0.52,-1.43
0.960632781,0.048509627,-0.050336782,25.15,-1.21,-0.97
0.660395259,0.368362118,0.119662135,13.94,-4.51,2.48
0.202815613,1.771595855,0.037777252,35.22,0.65,-1.48
1.447803605,0.890399058,-0.029622082,25.09,-4.35,2.18
0.557500661,1.017301334,0.119422824,15.4,-4.4,2.43
0.661642154,0.507373763,-0.091993746,2.35,-1.63,2.8
1.386627272,1.869994753,0.029145777,46.6,0,0
1.086955634,0.810923293,-0.003651665,-20.03,0,0
1.311189007,0.382952515,0.011112129,33.15,-2.49,1.46
1.043294678,0.465102667,-0.036864094,25.11,-4.33,2.16
0.121368785,1.586927855,0.119665694,16.46,-4.4,2.42
0.866170637,0.443454991,0.042368011,32.98,0.52,-1.41
0.02812622,1.058756648,-0.023110714,25.15,-1.19,-0.98
0.223158543,0.195850687,0.119668415,16.71,-1.26,-0.72
1.576386899,1.182981986,0.038424696,33,0.51,-1.41
0.472862405,0.199765615,-0.031541302,25.18,-4.32,2.16
1.699089981,1.862064114,0.119935925,16.86,-1.26,-0.72
1.49644813,0.157014839,0.042831694,32.93,0.53,-1.41
1.824065182,0.170267831,-0.022978307,25.23,-4.31,2.16
1.886884658,0.44626848,0.120315969,17.32,-1.27,-0.72
1.408882154,1.208043275,0.043931634,32.74,0.55,-1.41
1.031503606,1.159240769,-0.035243796,19.34,-1.74,-0.7
1.895552276,0.58843307,0.060345993,25.19,-3.41,2.16
1.905896019,1.005096426,0.120315969,17.32,-1.27,-0.72
0.795155615,0.66682159,0.043931634,32.74,0.55,-1.41
1.691780199,1.98092623,-0.023036337,25.17,-4.32,2.16
1.246798811,1.574201857,0.12023351,17.42,-4.39,2.41
0.075671075,1.153103265,0.040016225,32.72,0.55,-1.41
0.141741369,1.754154591,-0.003163778,25.14,-4.32,2.16
1.613763438,1.955590277,0.119956741,16.91,-4.39,2.41
1.854636258,1.314997978,0.042912359,30.95,-2.35,1.59
1.407865061,0.861642103,-0.002405088,25.2,-1.2,-0.97
1.668288017,1.392018791,0.120357557,16.3,-4.42,2.43
0.467958416,0.455652813,0.039474309,33.33,0.51,-1.4
0.983438548,0.062909079,-0.003160277,25.11,-1.2,-0.97
1.858346384,0.074778631,0.120020518,16.29,-4.39,2.42
1.26102872,1.461698987,0.043600035,32.46,-2.23,1.52
0.205725508,1.484281675,-0.035243796,19.34,-1.74,-0.7
0.066040594,0.500342514,0.059537868,25.06,-0.3,-0.97
0.453189025,0.61668204,0.119845094,16.24,-4.39,2.42
0.038048788,0.030390173,0.043027934,33.46,0,0
1.865746383,0.171945538,-0.002472539,24.97,0,0
1.626786697,0.432232454,0.119121279,16.14,-4.37,2.41
1.806139495,1.610173703,0.043897382,32.4,0.26,-1.32
1.822675137,1.372949401,-0.002516188,24.97,-1.23,-0.95
0.904647289,0.234435545,0.118218728,16.34,-4.32,2.39
0.522375696,0.231543248,0.040626242,33.4,0.41,-1.4
1.389498835,1.546126346,0.003371195,24.72,-1.24,-0.95
1.755938109,0.475307714,0.116826902,16.67,-4.27,2.37
0.660945066,0.065360413,0.042415919,34.31,0.54,-1.48
1.208255464,1.837819111,-0.003227229,24.68,-1.26,-0.94
0.966791821,1.659616726,0.116064534,16.92,-4.22,2.36
1.964484183,1.306635703,0.046270601,32.98,0.37,-1.4
0.056428199,1.943502828,-0.00352438,19.34,-1.74,-0.7
0.274403756,1.205563699,0.049053204,24.44,-3.51,2.21
0.287431458,0.559516181,0.114678771,16.3,-1.09,-0.78
0.246599765,1.688680186,0.038019345,32.97,0,0
1.122291705,0.207134941,-0.050549587,24.47,0,0
1.981521054,1.944956342,0.114135499,16,-4.17,2.35
1.817953346,0.227078002,0.015012259,67.43,0,0
0.350752907,1.839777255,-0.021409701,-28.7,0,0
1.807531025,0.843296497,0.028412651,35.41,0,0
1.460659722,0.130484888,-0.001303345,24.43,0,0
1.983320025,0.442365013,0.113683369,16.5,-0.96,-0.83
0.868557978,1.161560728,0.012263508,67.54,0,0
1.28738337,1.736135929,-0.003955875,-28.8,0,0
1.405690948,1.114464914,0.017306202,67.62,0,0
0.203813718,1.422989275,-0.001398183,-28.58,0,0
0.053571951,1.621711079,0.020121883,0,0,0
1.275334738,0.840564123,-0.003707436,-20.48,0,0
0.105795178,0.108336404,0.113613824,16.88,-4.03,2.27
1.362998155,0.530358337,-0.205606498,2.65,-1.99,2.8
0.913198092,1.258892097,0.00874273,41.13,0,0
1.840581969,0.721086193,-0.039697478,-27.47,0,0
0.525821162,0.501408605,0.012263508,0,0,0
1.261263696,1.279099511,-0.016882692,-20.39,0,0
0.25,1.09506364,0.113954587,16.44,-4,2.25
0,-0.25,-0.002143441,17.08,-1.01,-0.87
1,-1,-0.010815882,16.73,-0.99,-0.86
0.25,-0.25,0.00843808,16.79,-4.14,2.27
0.5,0,-0.002359726,16.75,-1,-0.88
0.75,-0.5,-0.001028927,16.71,-4.19,2.28
0.75,-0.5,-0.0041694,16.72,-4.13,2.26
0.855677126,-1,-0.005489304,16.53,-4.14,2.25
0.676150862,0.121604746,-0.175513897,3.3,-2.14,2.8
1,1.5,0.097630718,-11.55,-4.27,2.52
1,0.25,0.00065066,16.71,-4.19,2.27
0.5,-0.75,-0.002236213,16.56,-1.05,-0.87
0.25,-0.25,-0.004761003,16.88,-4.17,2.25
-0.25,0.25,0.006834223,16.65,-1.06,-0.87
0.5,0,0.001165439,16.62,-1.03,-0.88
0,-0.75,-0.001171341,16.59,-4.18,2.25
0,0,0,16.57,-4.19,2.25
0,-0.25,-0.002236213,16.53,-4.19,2.25
0.137873718,0,-0.001138853,16.13,-1.09,-0.87
0,-0.25,-0.180407751,3.45,-2.14,2.8
1.395346837,0.25,0.001680491,-23.74,-2.15,3.04
0.5,-0.5,0.096519284,-10.99,-4.19,2.48
0,-0.25,-0.005678294,16.27,-4.21,2.25
0,0,0.001537339,16.27,-1.13,-0.86
-0.25,0.25,-0.00626475,16.01,-4.18,2.26
0.25,-0.25,0.00489279,16.11,-4.25,2.27
0.25,0.25,-0.004806295,16.15,-4.22,2.27
0.5,0.5,0.000644213,16.59,-1.1,-0.86
0,0.25,-0.00028496,16.91,-1.04,-0.87
0.75,0.25,-0.002946103,16.95,-1.05,-0.87
0.545476814,0,0.005620765,17.54,-4.1,2.24
1.822749353,-0.5,-0.166413846,3.26,-2.12,2.8
1,1,0.092684667,-8.93,-1.03,-0.67
0.5,-0.5,-0.001800476,18.73,-0.91,-0.92
0.25,0.5,0.000684567,19.31,-4,2.2
-0.75,0,-0.002424555,18.99,-3.99,2.19
-0.5,0,-0.000662272,19.02,-4.03,2.21
-1,0,-0.004389257,18.68,-4.03,2.22
-1.5,0,-0.004737926,18.59,-0.91,-0.91
-1.75,0,-0.002274247,18.02,-0.95,-0.88
-1.75,0,-0.004976787,17.64,-4.08,2.27
1.814240185,0.25,-0.008606677,17.31,-1.01,-0.83
1.049281908,-1.25,-0.119504173,3.01,-1.96,2.8
0.079128898,1.5,0.070193538,-10.44,-4.35,2.56
-1.5,0.25,-0.004226713,15.46,-4.25,2.38
-1.5,0.75,-0.00597231,15.8,-4.23,2.39
-1.5,0.5,-0.003395272,15.19,-4.23,2.41
-1.5,0.25,-0.004828002,15.01,-4.25,2.43
-1,0.75,-0.004302474,14.81,-1.14,-0.68
-1.25,0,-0.00134286,14.61,-4.23,2.46
-1.25,0.5,-0.005171184,14.03,-4.26,2.48
-0.25,1,-0.003055847,14.38,-4.27,2.49
1.650965392,0.75,0.000286639,14.19,-1.12,-0.63
0.725906287,1.780631128,-0.062514251,3.42,-1.67,2.8
0,-0.5,0.045085009,25.64,0,0
-0.5,0,-0.005025502,11.24,0,0
0,0,-0.002464866,11.23,0,0
-0.5,1.682175249,-0.003900935,-28.51,0,0
-0.5,-0.25,-0.005056251,13.22,-1.13,-0.58
1,0.37463629,-0.000872445,52.88,0,0
-1,1.791204292,-0.000168255,4.67,0,0
-2,0.25,-0.00335546,50.96,-4.99,1.94
-0.5,1.746225841,0.003604841,56.88,0,0
0.638807936,0,-0.002359889,10.99,0,0
0.542313007,0.25,-0.036327953,-37.73,0,0
0,-0.25,0.030771203,24.92,0,0
0,1,-0.004686153,10.81,0,0
1,0,0,10.92,0,0
-0.5,1.873802888,-0.000355598,5.12,0,0
-0.5,0,0.002331839,51.13,-5.08,1.93
-1.5,-0.25,0.000179041,51.04,-1.96,-1.19
0,1.090438634,0.005001551,56.92,0,0
-1,0,0,10.92,0,0
-0.5,0,0,10.85,0,0
0.465121743,0,0.002327317,10.91,0,0
0.639127146,0,-0.040169557,-37.51,0,0
0,0,0.033505035,24.5,0,0
0,1.59731515,2.83E-05,5.91,0,0
-0.5,0.5,-0.001502441,52.05,-5.19,1.98
-0.25,0,0.002952414,52.29,1.09,-1.18
-0.5,0.5,-0.000156623,52.67,-5.22,1.99
0,0.5,0.00356376,53.28,-2.11,-1.12
0.25,1,-0.00164493,53.3,-2.15,-1.14
0,0.914861562,0.006167338,56.37,0,0
0,0,0,10.87,0,0
1.53685193,0,0.004851729,11,0,0
0.907956985,-1,-0.057995165,-37.73,0,0
0,0.25,0.042977289,23.91,-1.93,2.92
0.276677105,1.75,0.007615473,11.04,0,0
0.832288919,0.584837916,0.007110811,-6.55,0,0
0,0.192466649,-0.044022684,24.3,-1.32,-0.91
0.25,0.5,-0.001771537,24.13,-0.78,-0.91
0.5,0.5,0.002480967,24.09,-3.91,2.22
0.25,0.75,0.000132284,24.08,-0.78,-0.92
1.25,1.25,0.002342478,24.16,-3.93,2.22
0.25,1.25,-0.000342967,24.17,-0.77,-0.92
1.738850481,1.25,0.002361511,24.23,-3.92,2.22
0.559322455,0.393334635,-0.134606613,19.22,-1.23,-0.7
1,0.68763763,0.059932233,24.27,-0.39,-0.93
1.5,0.62593641,0.001486532,24.24,-0.77,-0.93
1.25,1.089152762,0.002093576,24.32,-3.9,2.21
1.839882686,1.57230092,0.00439211,24.26,-3.9,2.2
1,0.19827479,0.002920213,24.49,-0.77,-0.94
1.25,1.5,0.001578778,24.51,-0.76,-0.94
1.25,0.979583291,0.003475347,24.48,-0.75,-0.95
2,1.4349879,0.003399053,24.57,-0.76,-0.95
1.5,0.226640385,0.003293784,24.64,-3.88,2.18
1.750717323,1.379112362,0.003465579,24.75,-0.75,-0.97
1.175725642,1.382309688,-0.198610385,19.27,-1.29,-0.7
1.75,0.557649453,0.070953524,24.88,-0.31,-0.97
1.086104608,0.519411531,0.003655456,24.82,-3.86,2.15
1.5,1.482428106,-0.007161409,24.85,-3.91,2.17
2,1.75,0.003540232,24.87,-3.87,2.16
1.25,1.75,0.004645371,25.01,-0.73,-0.98
0.046861304,1.778484903,0.002668819,24.99,-3.86,2.15
1,0.101278566,0.00385833,25.15,-0.74,-0.99
1.75,1.5,0.001866513,25.2,-0.73,-1
1.75,0.496374864,0.005099094,25.18,-0.72,-1
1.714654685,0.293211106,0.005564548,25.37,-3.86,2.13
1.084758058,1.373591107,-0.276832979,19.27,-1.35,-0.7
1.75,0.843952745,0.078859613,25.34,-3.32,2.11
2,0.282553577,0.007478939,25.46,-3.85,2.11
2,0.000486768,0.005886215,25.65,-3.84,2.11
1.5,1.699089721,0.003452751,25.66,-0.7,-1.04
2,1.457135763,0.004847292,25.66,-0.7,-1.04
0.75,0.545890078,0.008697171,25.79,-3.82,2.09
1.25,1.5,0.002470015,25.69,-3.81,2.08
1.25,0.056135435,0.002722215,25.81,-0.7,-1.06
0.75,2,0.005759941,25.83,-3.81,2.07
0.433049335,1.5,0.001354556,25.96,-0.7,-1.06
0,0.353649578,-0.43967588,19.31,-1.41,-0.7
0.832686941,0,0,19.3,-0.85,-0.7
2,0.136447644,0.086840635,25.86,-0.11,-1.06
-0.25,0.298065669,0.009883816,25.88,-0.67,-1.07
0.25,0.25,0.001943272,25.55,-3.83,2.08
-0.5,0.25,-0.001431772,25.89,-0.68,-1.07
0.25,0,0.002282294,25.63,-0.69,-1.07
0,0,-0.002209675,25.74,-3.81,2.07
-0.25,0,0,25.71,-3.82,2.07
0,0,0.00236831,25.51,-3.83,2.07
-0.75,0,-0.003564447,25.82,-0.7,-1.06
0.36293387,-0.5,0.001854039,25.5,-3.81,2.07
0.795495181,0.477280485,-0.480917549,19.39,-1.43,-0.7
-0.25,0.623862822,0.088171454,25.65,-3.24,2.07
-0.25,0,-0.001136133,25.77,-0.7,-1.06
0,0,0.000110225,25.62,-3.82,2.07
0,0,0,25.64,-3.83,2.07
-0.25,0,0,25.64,-3.83,2.07
0,0.25,-0.002616047,25.7,-3.83,2.08
-0.25,-0.25,0.001460011,25.69,-0.7,-1.06
-0.75,0.25,-0.00136461,25.55,-3.81,2.07
0,-0.5,0.001124425,25.44,-0.72,-1.05
0.574186842,-0.5,-0.000302625,25.41,-3.83,2.08
1.204267122,0.357817006,-0.461586897,19.38,-1.42,-0.7
-1,1.090809017,0.087486473,25.3,-3.28,2.09
-1,-0.75,-0.003999381,25.35,-3.85,2.09
-1,-1.5,-0.002478395,25.28,-3.85,2.1
-1.5,-1,-0.00615231,25.41,-3.85,2.1
-2,0.932540307,-0.0038197,25.32,-3.85,2.11
-1.75,0.333128545,-0.006584301,25.11,-3.86,2.11
-2,1.024190515,-0.00702247,25.02,-3.86,2.12
-1.75,1.128948545,-0.004424635,24.98,-3.88,2.13
-2,1.882235648,-0.005828206,25.08,-3.88,2.13
1.151162292,1.037659056,-0.006208105,25.05,-0.75,-1
0.672319909,1.672457976,-0.297344709,19.36,-1.34,-0.7
0.636199174,0.560254434,0.077673171,25,-0.24,-1
-2,1.158550968,0.019152694,25.09,-3.83,2.12
-1.5,0.836959873,-0.005296849,25.15,-0.73,-1.02
-2,0.467062435,-0.007189459,25.29,-0.74,-1.01
-2,0.94180591,-0.003436489,25.03,-3.88,2.13
-2,0.147793878,-0.005354403,25.06,-3.88,2.13
0.1198197,0.164597813,-0.008031985,24.99,-0.76,-1
1.745192736,0.192310583,-0.005994032,25.03,-0.76,-0.99
0.178815699,1.406855629,-0.005475938,25.05,-3.88,2.15
1.004707908,0.328793919,-0.006451571,24.89,-0.76,-0.99
1.750068907,0.81047006,-0.208286696,19.48,-1.34,-0.7
1.266806068,0.758210634,0.068944887,24.67,-3.41,2.15
0.061961928,1.046358058,-0.004571526,24.65,-0.78,-0.97
-2,1.878576247,-0.005994358,24.81,-3.92,2.17
0.227385144,0.074212413,-0.005197537,24.79,-0.79,-0.96
-1.75,1.871948504,-0.002982586,24.62,-3.91,2.18
-1.75,1.818125196,-0.005462004,24.72,-3.92,2.19
0.28248088,1.453763785,-0.003789879,24.57,-3.92,2.19
0.779616497,1.806422904,-0.012829792,24.98,-0.8,-0.94
0.578572356,1.189035614,-0.001371901,24.81,-3.92,2.2
1.983332101,1.159524335,0.114377364,10.28,-1.52,-0.57
1.835322211,0.435302626,-0.000303648,13.44,-4.43,2.57
0.116996474,0.617171015,-0.031522997,5.35,-1.77,2.8
0.642487093,0.463013461,0.027680233,-15.88,-4.81,2.79
0.141955612,-1.25,0.003046181,13.46,-4.46,2.57
1.497115837,0.313197932,0.010584662,18.48,0,0
1.388894177,1.479490649,-0.011945357,-22.93,0,0
-2,1.127697643,0.113274862,11.2,-1.52,-0.55
0.600960025,0,-0.0007358,13.27,-4.4,2.58
-1.25,0.25,0.005286749,12.99,-4.39,2.58
-1,0.5,-0.002001511,13.05,-4.43,2.6
0.879207294,0.75,0.003689988,12.94,-1.25,-0.54
0.162642473,0.75,0.010837698,17.87,0,0
0.89039377,0.80923286,-0.012089666,-22.75,0,0
1.464227567,1.555150871,-0.087140807,20.03,-1.22,-0.7
0,0.416398958,0.04641616,22.09,-0.5,-0.87
0,0.5,0,22.82,-4,2.27
0,0.75,0.000453289,22.89,-0.9,-0.86
0.75,1,0.000752035,22.67,-3.98,2.27
0.25,0.75,-0.00162174,22.79,-0.88,-0.86
0.5,1,-0.001829232,22.8,-4.01,2.28
0.25,1,0.000228002,22.62,-0.86,-0.87
0.25,0.5,0.000110729,22.64,-4.01,2.27
0,0.75,-0.001072561,22.76,-0.87,-0.86
0.969499589,0,0,22.71,-0.87,-0.86
1.842548109,1,-0.078865369,20.03,-1.19,-0.7
0.25,-1,0.044804836,21.87,-3.64,2.27
0,-0.5,0.000119194,22.73,-0.88,-0.86
0.5,0.5,-0.000229491,22.76,-0.86,-0.86
-0.25,-0.5,0.000743903,22.76,-0.86,-0.87
0.5,0,0.00062577,22.81,-0.87,-0.87
0.5,-0.5,0.000748413,22.81,-0.86,-0.87
0.5,0,0,22.72,-3.98,2.26
0.5,0,0.000522456,22.8,-3.99,2.26
0.5,0,0.00052427,22.85,-3.99,2.26
0.608481926,0,-0.00092975,22.81,-3.99,2.25
0.820737864,2,-0.082478411,20.06,-1.24,-0.7
0.5,-2,0.047295475,22.09,-3.61,2.25
1,0.25,-0.000198551,22.9,-3.99,2.25
0.75,0.5,0.00053307,23.03,-4,2.25
0.5,0.25,-0.000829699,22.98,-0.84,-0.89
1.5,1,0.000534397,23.02,-0.85,-0.89
0.5,0.5,0.000772333,23.03,-0.85,-0.89
1,1,0.000539026,23.08,-0.85,-0.9
0.5,1.5,-0.000238504,23.1,-3.98,2.24
1,1,0.00101542,23.02,-0.85,-0.89
0.294868495,1.25,-0.000966878,23.04,-3.98,2.24
1.770971246,1.444581462,-0.088743015,20.03,-1.25,-0.7
1,0.723562412,0.048202823,22.33,-3.58,2.24
0.5,1.25,-0.00072238,23.01,-3.98,2.24
1.37067955,0.5,0.000781963,23.01,-3.98,2.24
1.25,0.018043777,-0.000799329,25.71,-3.89,2.19
1,1,0.003098228,24.96,-0.77,-0.94
0.5,1.75,-0.000680364,24.89,-3.9,2.2
0.75,0.25,0.002124717,24.81,-3.9,2.2
0.5,1.25,0.000502261,24.9,-0.77,-0.94
0.25,0.5,-0.000287842,25.05,-0.79,-0.94
1.384926113,0,0.001282086,24.85,-0.76,-0.94
0,0.038598133,-0.099333113,19.23,-1.26,-0.7
1.647999096,0,0,19.3,-0.85,-0.7
0.5,1.823425932,0.050798722,25.01,-0.36,-0.94
1,0.75,-0.000160634,24.9,-3.9,2.19
2,1.5,0.001660627,24.94,-3.91,2.2
1.5,1.199333962,-0.001071669,25.02,-0.77,-0.94
1.25,1.759090421,0.002924612,25.03,-0.76,-0.94
1.25,0.357267128,0.003066323,24.93,-3.89,2.19
1,1.085792207,0.00149729,25.02,-0.78,-0.95
1.5,1.917382596,0.004151908,24.94,-0.77,-0.95
1,1.002200388,0.001992137,24.99,-0.76,-0.95
0.227221054,0.052255191,0.002467359,24.93,-0.77,-0.95
1.718045572,1.623234419,-0.13118512,19.2,-1.27,-0.7
1,1.841377324,0.060185253,24.97,-3.47,2.18
1,1.463668048,0.002536867,24.87,-0.76,-0.95
1,0.197329912,0.001830178,24.81,-0.76,-0.95
0.75,0.78354178,0.001204007,24.88,-0.75,-0.95
0.75,1.74002414,0.00204515,24.68,-3.89,2.18
0.25,0.982631756,0.001508479,24.85,-0.77,-0.95
0.25,1.489231186,0.001748534,24.83,-0.76,-0.95
0.75,1.75,0.001896554,24.73,-3.89,2.19
0.25,1.25,-0.000952936,24.7,-0.76,-0.95
0.647546187,1.25,0.002523753,24.77,-3.9,2.19
0.916018101,1.215972787,-0.171494153,19.2,-1.27,-0.7
0,0.538467903,0.065917245,24.9,-3.47,2.18
0.75,1.75,0.001109082,24.76,-0.77,-0.95
0.75,1.5,0.001799514,24.68,-3.89,2.18
1,1.5,0.000805146,24.81,-0.77,-0.95
1,1.5,0.001641994,24.85,-0.76,-0.96
1,1.5,0.001658247,24.89,-0.75,-0.96
0,0.75,0.002798857,24.94,-0.75,-0.96
1.5,0.402110941,0.0064341,24.56,-3.9,2.18
1,1,0.000695197,24.67,-3.89,2.17
1.833054227,0.5,0.001756926,24.73,-3.88,2.17
1.539233998,1.35612294,-0.219457938,19.26,-1.3,-0.7
0.25,1.86000257,0.07323863,24.84,-0.3,-0.97
0.25,0,0.000885196,24.78,-3.87,2.16
0,0,-0.000171001,24.92,-0.76,-0.97
0,0,0,24.9,-0.75,-0.97
0.5,0.5,-0.002032239,24.84,-3.88,2.16
0,-0.25,0.001899406,24.91,-0.75,-0.98
0,0,0,24.91,-0.75,-0.98
0,0.25,-0.001199859,24.9,-3.88,2.16
0.25,0.25,0.001188915,24.86,-3.88,2.16
1.95410215,0,0.000888326,24.82,-3.86,2.15
0.902345579,1.117370982,-0.234434975,19.3,-1.32,-0.7
0.5,0.171379582,0.074149108,25.02,-3.41,2.16
1.25,0.096635256,0.001492771,24.87,-0.76,-0.98
0.75,1.321362478,0.002746088,24.85,-3.86,2.15
2,1.947273327,0.00316493,24.86,-3.88,2.15
1.25,1.456578018,0.005844525,24.99,-0.73,-0.99
0.282642348,1.840407832,0.003843016,24.69,-0.75,-0.99
0.202177482,0.31050919,0.007483262,25.28,-0.73,-1
0.68745197,1.848533911,0.005508082,25.13,-0.71,-1.01
1.75,0.072730131,0.006381094,25.32,-0.72,-1.02
1.346933498,0.106116843,0.005392952,25.3,-3.84,2.11
0.450485645,0.534499444,-0.364155039,19.37,-1.39,-0.69
1.5,1.437316197,0.08468012,25.4,-0.17,-1.03
0.5,1.552496035,0.003680084,25.43,-0.71,-1.03
0.5,1,0.00141298,25.4,-3.84,2.1
-0.25,1.75,0.002347971,25.45,-0.71,-1.04
0.75,-0.5,0.002761535,25.21,-0.73,-1.03
-0.25,0.5,-0.001848612,25.6,-0.69,-1.04
0,-1,0.000132685,25.4,-3.83,2.09
-0.5,-1,0,25.44,-3.84,2.09
-0.25,-1.25,0.000265522,25.28,-3.86,2.1
1.281328969,-1,-0.003764833,25.56,-0.7,-1.04
0.504968976,0.890868756,-0.407027824,19.34,-1.39,-0.7
-0.75,0.484993366,0.085759839,25.41,-3.28,2.09
-0.25,0.06244316,-0.003195605,25.23,-0.73,-1.03
-1.5,0.247462945,-0.002749622,25.59,-0.71,-1.04
-0.75,1.051531648,-0.002990091,25.28,-0.74,-1.03
-1,0.28349425,-0.005495249,25.66,-3.83,2.1
0.317667623,1.627407299,-0.003618314,25.61,-3.84,2.1
-1.25,1.120403159,-0.006911379,25.13,-0.73,-1.02
0.11133997,0.90898555,-0.004222144,25.62,-3.85,2.11
0.921219487,1.916591538,0.012493085,25.25,-3.84,2.1
1.583477508,0.319531286,-0.008276156,25.43,-3.87,2.11
1.565638517,0.342494763,-0.325481248,19.47,-1.4,-0.69
1.506352347,0.51514956,0.079600201,25.08,-0.19,-1.02
0.823320277,1.338747028,-0.007413225,25.19,-3.89,2.12
1.581065739,0.700822939,-0.009389855,25.29,-3.87,2.12
0.93062643,0.25482367,-0.007956068,25.26,-3.9,2.14
0.702912213,1.665359117,-0.007801317,25.12,-3.88,2.14
0.239474763,0.256464069,-0.007441484,25.13,-0.78,-0.98
-1.5,0.855799008,-0.004926072,24.84,-0.79,-0.97
-2,1.236153649,-0.005725877,25.15,-0.77,-0.97
-2,0.888715934,-0.005517634,25.02,-3.9,2.17
1.86529487,1.619876777,-0.003168086,24.95,-3.91,2.17
1.051133949,0.8639185,-0.153411761,19.43,-1.31,-0.7
-1.5,1.261307907,0.061464066,24.9,-0.33,-0.96
-1.25,0.083408587,-0.004141696,24.82,-3.89,2.17
-1.25,1.031830671,-0.003329023,24.93,-0.78,-0.96
0.558241621,1.793379035,-0.004934824,24.81,-3.91,2.18
1.861911233,1.025410831,-0.000963111,25.34,-0.75,-0.97
0.107103032,1.524932651,-0.00336017,25.33,-0.77,-0.96
0.930810631,1.925351474,0.000616918,22.57,-0.84,-0.93
1.617627975,1.012215895,-0.001001018,23.39,-3.97,2.21
-2,0.01425043,-0.001080242,23.3,-3.99,2.22
1.500164774,1.333959164,0.000123334,23.37,-3.99,2.22
0.673876335,0.690423035,-0.10775802,20.14,-1.29,-0.69
0.335920065,0.610613266,0.052685724,22.45,-0.41,-0.91
0.623187174,1.013677016,-0.00129107,23.14,-3.98,2.22
-2,1.350886061,-0.000709521,23.17,-3.99,2.23
-1.75,-1.75,0.00142445,23.14,-4,2.24
-1.25,-1.25,-0.00068227,23.29,-0.88,-0.89
-1.75,-1,-0.00305943,23.06,-3.99,2.24
-1,-0.5,-0.001440415,23.12,-0.88,-0.89
-0.75,-0.25,-0.000317573,23.03,-0.87,-0.88
-1,0.25,0.000341243,22.92,-4,2.26
1.254455728,0.5,-0.001311291,22.87,-4.02,2.26
0,1.0894215,-0.095374434,20.2,-1.23,-0.7
0.166440887,0,0,19.3,-0.85,-0.7
0.929275003,0.540227465,0.048733726,21.98,-0.5,-0.87
-0.5,1.335702578,-0.00677629,22.71,-4.04,2.29
0.097957537,0.75,-0.001486173,22.61,-4.02,2.29
-0.5,0.080117331,0.003680622,22.48,-4.02,2.29
0,0.75,-0.001508673,22.59,-4.03,2.3
0,1,-0.000996846,22.48,-4.04,2.3
0.25,0.75,0.000781491,22.51,-4.03,2.3
0.5,1.25,-0.001417463,22.42,-4.04,2.3
0.75,1.5,-0.00021311,22.57,-0.92,-0.83
0.877565604,0.75,-0.00064789,22.34,-4.02,2.3
1.515815464,0.306757289,-0.075005075,20.31,-1.18,-0.69
0.75,0.511643462,0.043486863,21.51,-0.58,-0.82
0.75,1.5,0.000129709,22.3,-4.02,2.31
0.75,1.25,-0.000905232,22.3,-4.03,2.31
1,0.720716647,-0.001603656,22.34,-4.05,2.31
1,0.804652906,0,22.3,-0.91,-0.82
1,1.362182936,0,22.25,-0.91,-0.82
1,1.09360584,-0.002727858,22.07,-0.91,-0.82
-0.5,0.72496018,-0.000753035,21.96,-4.05,2.33
0.5,-1.75,-0.000394174,22.2,-0.91,-0.81
1.831081865,0.928271592,-0.002939289,21.92,-0.91,-0.81
0.856430347,1.233992847,-0.06242037,20.18,-1.13,-0.7
0.75,0.063180336,0.037566626,20.91,-3.76,2.33
0.75,0.321560108,-0.004155428,21.66,-0.92,-0.79
0.75,0.459974939,-0.00288009,21.44,-4.04,2.35
0.75,1.060516472,-0.00286635,21.14,-4.05,2.36
1,0.888765251,-0.002566117,21.1,-0.93,-0.77
1,0.397887705,-0.002468159,20.8,-0.92,-0.76
0.717242266,1.308614814,-0.003315677,20.58,-0.91,-0.75
0.885163976,0.078789414,-0.00306511,22.35,-0.86,-0.77
1.989085753,0.582559987,0.000336807,21.96,-3.92,2.36
0.073503067,0.872205064,0.0092836,19.98,-0.88,-0.72
1.933672862,0.782726932,-0.043216143,18.34,-0.82,-0.7
1.75,0.970424145,0.032672094,20.75,-0.81,-0.71
1.75,0.45870254,0.000808554,19.49,-3.9,2.43
1.25,1.413939191,0.003161239,19.61,-3.89,2.42
2,0.765107935,0.003395539,19.22,-3.89,2.43
1.75,0.747238089,0.002198542,19.57,-3.89,2.43
2,1.847422898,0.003400069,19.28,-3.88,2.42
1.5,0.68631606,0.001892123,19.34,-0.76,-0.71
0.151538278,1.070462441,0.003091173,19.21,-3.86,2.42
1.5,1.219039077,0.004904719,19.28,-3.88,2.42
1.84604688,0.051241135,0.005730163,18.69,-3.91,2.44
0.667713261,0.902663867,-0.094927728,18.16,-0.75,-0.7
2,1.519502664,0.052122588,19.94,-0.83,-0.7
0.779163526,0.636983015,0.003391889,18.9,-3.87,2.43
2,1.905701474,0.003498191,19.02,-0.73,-0.72
1.620376709,0.420399661,0.002758094,19.21,-0.74,-0.73
2,2,0.003516987,19.3,-3.86,2.4
2,1.75,0.003903554,19.54,-0.76,-0.75
1.75,1,0.002926029,19.75,-0.76,-0.76
1.75,1,0.001950884,20.05,-3.91,2.38
1.25,0,0.003160164,20.1,-3.89,2.36
0.367346804,0,0.003211003,20.38,-3.91,2.35
0.777134992,0.111102431,-0.159454064,18.91,-0.98,-0.69
1.75,1.542354272,0.065112185,20.98,-3.79,2.35
0.5,-0.5,0.001459507,20.75,-3.91,2.34
1.188529304,0.25,-0.000154924,20.84,-0.8,-0.81
1.296441676,1.25,0.015326389,22.75,-3.78,2.25
1.5,0.451022721,0.022801685,22.71,-3.85,2.23
1.5,-0.25,0.006375867,23.06,-0.76,-0.92
0.5,0.25,0.001299107,23.42,-0.75,-0.93
1.25,0.25,0.000627948,23.19,-3.89,2.21
1,-0.25,0.003229301,23.46,-0.76,-0.93
0.505889305,0.25,0.001654485,23.51,-3.85,2.18
0.132087167,0.80671795,-0.322933887,19.22,-1.27,-0.7
1.5,1.758926918,0.08169715,23.7,-3.45,2.18
1.25,-0.25,0.003477991,23.87,-0.76,-0.96
1.25,-0.25,0.002105662,24,-0.72,-0.98
1,-0.5,0.003240019,24.06,-3.85,2.15
1,-0.75,0.00361158,24.19,-0.73,-0.99
0.75,-0.75,0.000497853,24.38,-3.84,2.13
0.25,-0.5,0.004192093,24.37,-0.74,-1
1.849814186,-0.75,-5.67E-05,24.47,-0.71,-1.01
0,0.80553416,-0.027103528,24.71,-3.91,2.15
1.389300238,-0.75,0.000843906,24.67,-3.85,2.14
0.677931943,0.389837268,-0.312783726,19.17,-1.33,-0.7
1,1.232628567,0.08058345,24.84,-3.37,2.14
0.75,-2,0.004247357,24.92,-0.71,-1.01
1.25,-1.75,0.003150987,24.99,-3.83,2.12
1,-2,0.002081084,25.31,-0.71,-1.02
1.25,0.612929391,0.00554338,25.41,-3.82,2.1
1.5,-2,0.003543732,25.58,-3.81,2.09
1.75,0.071322046,0.003487057,25.69,-3.8,2.07
1.75,1.153800693,0.004545473,26.06,-0.67,-1.07
1.75,0.927394748,0.006298051,26.14,-3.78,2.05
0.518008964,0.224406118,0.004763112,26.54,-0.66,-1.09
0.850579713,1.84715519,-0.449133726,19.31,-1.46,-0.7
2,1.267511434,0.088886019,26.77,-0.01,-1.11
1.511530453,-1,0.005292021,26.99,-0.62,-1.13
0.991922226,-0.75,0.008056999,27.09,-3.72,1.99
0.105795809,0.75,0.008229753,27.33,-3.73,1.98
2,1.75,0.009721738,27.6,-0.59,-1.17
1.0246497,1.04403896,0.007658803,27.69,-0.57,-1.17
2,0.721627295,0.007575523,27.74,-3.68,1.95
1.626604494,1.236738434,0.007171869,27.78,-3.69,1.94
1.050745617,1.468749953,0.012688859,28.04,-0.56,-1.2
1.394241612,0.623774203,0.008434365,28.22,-3.65,1.92
0.644330989,1.326953187,-0.858474151,19.29,-1.58,-0.7
1.618548154,0.963240621,0.096122024,28.41,0.22,-1.23
1.75,1.566472528,0.011477322,28.47,-3.62,1.89
1.501450102,0.959456786,0.013062527,28.29,-0.49,-1.26
2,1.134218267,0.012839098,29.35,-0.44,-1.28
0.304741497,1,0.019793209,28.88,-3.57,1.84
2,1.282363357,0.013453909,29.83,-3.54,1.82
1.181087925,1.5,0.012789673,29.36,-0.4,-1.33
0.94283551,1.676540749,0.025381574,63.94,0,0
0.46021968,1,0.023624508,18.84,0,0
1.240554713,1,0.025327992,19.01,0,0
0,0.098821256,-0.222856456,-25.99,0,0
0.36741358,0,0,19.3,-0.85,-0.7
2,0.911537248,0.096659808,64.44,0,0
0.5,0,0.024545098,19.29,0,0
1.5,0.017927923,0.014882065,19.24,0,0
1.5,-0.5,0.018728318,19.36,0,0
0.5,-1.5,0.019688379,19.48,0,0
0.5,-0.5,0.009410526,19.52,0,0
0.5,-0.5,0.009602877,19.56,0,0
0.5,-0.5,0.002270726,19.61,0,0
0,-0.5,0.009869554,19.64,0,0
1.97318536,-1,0,19.65,0,0
0.741896106,0.005939813,-0.389022652,-25.98,0,0
0,0.262383905,0.0934504,64.94,0,0
0,-1,0,19.67,0,0
-0.5,-2,0,19.68,0,0
-0.5,-2,-0.006313758,19.66,0,0
-1,-2,-0.014090928,19.65,0,0
-1,1.871814721,-0.015998817,19.58,0,0
-1,0.606144111,-0.015423142,19.53,0,0
-1.5,1.031444304,-0.014880567,19.49,0,0
1.778308113,0.154540897,-0.019846932,19.41,0,0
1.122354473,1.254120701,-0.126022199,13.57,0,0
1.159893656,0.065552587,0.014430053,9.47,0,0
0.478277955,1.33211462,-0.057844259,19.33,-1.75,-0.7
1.533880809,1.872454541,0.097068224,64.5,0,0
0.610664488,0.940736641,-0.063052706,13.63,0,0
1.543180583,0.758132093,0.012782648,8.38,0,0
0,1.920016292,-0.002481711,29.49,0,0
0,0,0,0,0,0
0.244297217,0,0,0,0,0
1.528144658,0.10608527,0.070686,58.91,0,0
1.723150674,0.690550038,0.012425618,8.36,0,0
1.970313219,0.880290219,-0.002481711,29.49,0,0
0.537481335,0.463816465,0.070686,58.91,0,0
1.065405478,-0.5,0.010784181,24.28,0,0
1.886622061,1.415728742,-0.002343343,19.73,0,0
1.33501081,0.971752804,-0.122429267,13.91,0,0
1.794874921,0.665175528,0.010980372,24.25,0,0
0.936199845,1.311541155,-0.002343343,19.73,0,0
1.52414562,1.42764682,-0.122429267,13.91,0,0
0.064495436,0.139147262,-0.011419199,-40.83,0,0
1.558649923,1.369922882,0.0106804,41.2,0,0
1.23180609,1.64490471,-0.002343343,19.73,0,0
1.656099583,0.350746375,-0.122429267,13.91,0,0
1.175469094,1.743230595,0.010980372,24.25,0,0
1.851993699,0.772399878,-0.002481989,19.62,0,0
1.379881821,0.72575464,0.015006072,22.13,0,0
0.294913042,2,-0.017769417,19.41,0,0
1.111372649,1.036121777,0.013604948,22.13,0,0
1.637885148,1.5,-0.01921255,19.23,0,0
0.13084102,1.513052706,0.005996079,13.74,0,0
1.000997594,1.315898736,0.015606869,-25.3,0,0
0.661049869,1.037922052,-0.011886308,-15.65,0,0
1.310860269,0.679266,0.044983558,14.63,-4.26,2.17
1.380900239,0.644841802,0.01001549,0,0,0
1.163355867,1.192473277,-0.039279856,13.21,0,0
0.880814843,1.369104203,0.011719668,-1.49,0,0
1.473149704,1.87331964,-0.0239299,57.06,-4.43,2.23
0.351509003,1.425389001,-0.002246592,4.77,-2.47,2.47
1.539109713,1.554003483,0.013732625,41.09,0,0
0.625612815,0.945752864,-0.026835654,-15.58,0,0
1.682059844,0.871804249,0.109211676,57.91,0,0
0.114183362,1.592842562,0.017878659,7.8,0,0
0.740592006,0.27654572,-0.010303914,29.39,0,0
0.69899361,0.228773391,0.109712514,57.78,0,0
0.362722095,1.084609192,0.019622814,11.22,0,0
0.239725249,0.109393951,-0.076242799,29.43,-0.71,-1.22
1.585174746,1.745822812,0.108225791,57.05,-1.16,-0.89
1.624827238,1.880468305,0.021415987,58.35,-0.28,-1.75
1.294764883,1.539315355,-0.05623137,29.52,-3.82,1.91
0.951103296,1.896942882,0.105129125,54.99,-1.06,-0.91
1.591724564,0.643759649,0.015917635,53.97,-0.93,-1.43
1.211221778,0.51516751,-0.012843187,29.53,-0.69,-1.23
1.048527136,0.383213412,0.103494178,56.1,-1.15,-0.88
1.589449547,1.06822054,0.030891492,4.87,-2.47,2.45
0.976560859,1.302122001,0.012306172,41.13,0,0
0.274131735,0.706706859,-0.035394313,-15.38,0,0
0.061376468,0.268197657,0.100505754,55.07,-4.25,2.25
0.882438165,0.502264212,0.012526071,25.01,0,0
2,1.297952328,-0.021905021,-15.88,0,0
1.9614887,1.067561539,0.005378185,29.07,-3.63,1.89
0.52215401,0.526572199,0.089676849,52.17,-1.03,-0.89
1.643579747,1.946617766,0.005877879,70.57,0,0
0.972599423,1.365160072,-0.023184734,-15.96,0,0
0.804486532,0.81502312,0.085237648,52.03,-1.06,-0.89
1.349461643,0.234590156,0.009348161,43.38,0,0
1.107616429,0.771377562,-0.055876842,29.32,0,0
1.125372007,0.899695209,0.082496881,55.31,-4.36,2.27
0.406456901,0.231909944,0.010445327,20.62,0,0
1.609369469,1.682158516,-0.012470879,-25.67,0,0
1,1.167909533,0.095900157,29.23,-2.82,1.86
1.881977302,0.1644817,0.003864339,29.23,-3.6,1.86
0.767093684,0.199163911,0.080515311,57.18,0,0
0.332878641,0.403307692,0.006506794,14.95,0,0
1.554043221,0.651279394,0.006849843,14.9,0,0
0.577151716,1.725188511,0.009188297,-4.3,0,0
0.5,0.48025423,-0.070142527,29.39,0,0
0,1.25,-0.000255615,29.41,-3.59,1.85
0,0.5,0.002916575,29.44,-0.46,-1.28
0,-0.25,-0.001034731,29.38,-3.59,1.85
1.777994821,-0.5,-0.000888031,29.47,-3.58,1.85
1.606503916,1.96553219,-0.010299896,19.25,-1.63,-0.7
0,1.649277324,0.09669514,29.43,-2.81,1.85
-0.5,-1.75,0.001026492,29.49,-3.59,1.86
-0.25,-0.75,-0.00357154,29.43,-3.59,1.85
0.50423919,0.064350457,-0.005152387,29.33,-3.59,1.86
-0.75,1.573790435,0.01106944,27.86,-0.57,-1.23
-1,1.784650134,-0.005536536,27.94,-3.65,1.9
-1.25,0.253696817,-0.004066501,27.91,-3.67,1.91
-1.5,0.144407977,-0.007513958,27.99,-3.68,1.91
-1.5,1.167022492,-0.007421346,27.79,-3.67,1.92
0.630107236,0.301938072,-0.008735416,28.1,-0.56,-1.21
1.829603511,1.99259784,-0.852429213,19.34,-1.58,-0.7
0.521206824,1.297087908,0.095089956,27.64,0.16,-1.2
-2,0.467294848,-0.00895254,27.7,-0.56,-1.2
0.842233078,0.07034778,-0.008950179,27.78,-0.59,-1.19
-1.75,0.671163769,-0.00974722,27.67,-0.58,-1.18
0.870168288,1.251084653,-0.01180606,27.64,-3.71,1.95
1.870244859,0.834177092,-0.004794444,27.44,-0.61,-1.17
-2,1.389004849,-0.010071845,27.31,-0.61,-1.16
1.339577372,0.696504191,-0.009934698,27.48,-0.62,-1.16
0.5157682,1.185291906,-0.008235109,27.46,-0.63,-1.15
1.151032534,1.794840198,-0.006510984,27.08,-0.63,-1.14
0.172032534,1.74720504,-0.462993097,19.47,-1.51,-0.7
-2,0.656071915,0.086943026,27.14,0.02,-1.13
-2,1.632524801,-0.010212288,27.35,-0.65,-1.13
-2,0.788189134,-0.00621825,27.24,-0.65,-1.12
-1.5,-2,-0.004652,27.13,-0.66,-1.12
-1.5,-0.75,-0.004554434,27.02,-0.67,-1.11
-1.25,-0.25,-0.004473676,26.88,-3.81,2.04
0.0806177,0.25,-0.002291188,26.92,-0.68,-1.09
-1.25,1.749952875,-0.002409295,27.66,-3.73,2.01
-1.25,1,-0.003609459,27.63,-0.66,-1.12
1.64246054,0.5,-0.001945866,27.4,-3.78,2.02
0,0.541863717,-0.304431097,19.38,-1.49,-0.7
1.155493884,0,0,19.3,-0.85,-0.7
-1,1.562188185,0.079040139,27.31,-0.03,-1.1
-1.5,0,-0.002488296,27.38,-0.66,-1.1
-1.5,0,-0.003253875,27.28,-0.67,-1.09
-0.75,-0.5,-0.00277208,27.15,-0.68,-1.09
-1.75,-0.25,-0.004596126,27.11,-0.67,-1.08
-0.75,-0.25,-0.00297787,26.99,-3.82,2.06
-0.5,-0.5,-0.002821023,26.86,-3.82,2.06
-1,0,-0.000733645,26.82,-3.83,2.07
-0.75,-1,-0.003895945,26.72,-3.83,2.07
1.971686146,-0.75,-0.001203456,26.82,-3.84,2.08
1.130840721,0.375501231,-0.22617094,19.35,-1.42,-0.7
-0.75,0.880971719,0.071860895,26.72,-3.25,2.08
0,-0.5,0.000558211,26.71,-0.7,-1.06
-0.5,0,-0.002350377,26.73,-3.82,2.07
0.25,0.5,-0.000669246,26.71,-0.7,-1.06
0.5,0.75,0.001642501,26.68,-3.81,2.07
-0.25,0.75,-0.001873785,26.63,-3.83,2.08
0.75,0.75,0.002019388,26.67,-0.7,-1.06
0.75,1.75,-0.000959375,26.59,-3.82,2.08
0,0.644215863,0.004557423,26.71,-3.84,2.08
0.691665441,1.5,0.000385906,26.62,-0.7,-1.06
0.544057719,0.627861401,-0.226976684,19.35,-1.42,-0.7
0.75,1.75749698,0.073612572,26.67,-0.13,-1.06
1.25,1.378310744,0.002010148,26.55,-3.81,2.07
1,1.557445251,0.003269992,26.65,-0.71,-1.05
1.75,1.611212855,0.003697819,26.6,-3.82,2.08
1.5,1.844900425,0.005253268,26.6,-0.7,-1.05
1.25,1.746537228,0.003915117,26.5,-3.81,2.07
1.75,1.826325803,0.006215451,26.57,-0.69,-1.06
1.25,0.448788891,0.004262949,26.46,-3.8,2.07
0.864325108,1.868549316,0.006900824,26.5,-0.69,-1.07
0.873273197,1.092034562,-0.020004368,26.44,-0.73,-1.04
1.523319798,1.069229769,-0.28322725,19.26,-1.39,-0.7
0.75,1.597230653,0.079561806,26.35,-3.28,2.09
0.75,1.5,0.003008333,26.43,-3.83,2.09
1.25,1.564125733,0.002240912,26.3,-3.81,2.08
1,1.75,0.003205173,26.48,-3.83,2.08
0.75,1,0.002117122,26.57,-0.68,-1.06
0.75,0.5,0.002313939,26.49,-3.81,2.07
0.5,0.25,0.000271535,26.59,-0.68,-1.07
0,0,0.0008592,26.66,-3.81,2.07
0.5,-0.5,0.000466983,26.61,-0.68,-1.07
1.124727026,-0.25,0.001733728,26.74,-3.8,2.06
0.293800132,0.137041661,-0.354432001,19.27,-1.43,-0.7
0,1.831415879,0.082916839,26.75,-3.22,2.06
0,0.25,-0.000879248,26.68,-0.67,-1.08
-0.5,1.660265114,0.00417019,26.34,-3.82,2.07
0,0.5,-0.001213466,26.39,-3.82,2.07
0,0.75,-0.001363951,26.39,-3.81,2.07
1.75,0.5,0.002234804,26.41,-0.69,-1.06
0,1.037526507,0.005062347,26.1,-3.82,2.08
0,0,0,26.1,-3.83,2.08
0,0,0,26.1,-3.83,2.08
1.615903976,0,0,26.1,-3.83,2.08
0.697578412,1.803001901,-0.382279493,19.3,-1.42,-0.7
0,0.561499055,0.084405834,26.11,-3.25,2.08
0,0,0,26.1,-3.83,2.08
0,0,0,26.1,-3.83,2.08
0,0,0,26.1,-3.83,2.08
0,0,0,26.1,-3.83,2.08
0,0,0,26.1,-3.83,2.08
0,0,0,26.1,-3.83,2.08
0,0,0,26.1,-3.83,2.08
0,0,0,26.1,-3.83,2.08
1.594814639,0,0,26.1,-3.83,2.08
0.570740242,0.676251568,-0.382279493,19.3,-1.42,-0.7
0,0.80491226,0.084220267,26.17,-0.13,-1.05
0.25,0,0,26.17,-0.69,-1.05
0,0,0.001055017,26.1,-3.81,2.08
0,0,0,26.1,-3.83,2.08
0,0,0,26.1,-3.83,2.08
0.5,0,0,26.1,-3.83,2.08
0,-0.25,0.002282197,26.19,-0.69,-1.06
0,0,0,26.19,-0.69,-1.06
0.25,-0.25,-0.000915231,26.13,-3.82,2.08
0.699949908,0.25,-0.001550272,26.27,-3.82,2.07
1.64105157,0.243520707,-0.381747076,19.28,-1.42,-0.7
-0.25,1.537421288,0.084379033,26.25,-3.25,2.07
0,0.25,0.001055403,26.16,-3.81,2.07
0,0,0,26.16,-3.82,2.07
0.25,0.5,0.000481797,26.1,-3.83,2.08
0.25,0.5,-0.000643091,26.3,-0.69,-1.06
0,0.5,0.001545561,26.13,-3.81,2.07
-0.25,1.25,0.000909066,26.19,-0.69,-1.06
0,1.25,0.002467086,26.19,-3.83,2.08
0,1,-0.001855104,26.06,-3.82,2.08
1.21124406,1,0,26.05,-3.83,2.08
1.300790325,0.504439645,-0.39578267,19.29,-1.41,-0.7
-0.5,1.24121777,0.085219012,26.11,-0.13,-1.06
-0.5,0.75,4.78E-06,26.05,-0.7,-1.05
-0.5,0,-0.000917604,25.98,-0.7,-1.05
-0.5,0.75,-0.002333508,25.92,-0.71,-1.04
-0.5,0.5,-0.001386846,25.88,-0.71,-1.04
0.381681098,0,-0.000900404,25.8,-0.71,-1.04
-0.5,1.432309289,0.013247322,25.84,-0.67,-1.05
-0.5,0,-0.000958335,25.81,-0.7,-1.05
-0.5,0.5,-0.001450942,25.8,-0.7,-1.05
0.183703748,0.5,-0.001440186,25.76,-3.84,2.1
0.736118422,0.493780336,-0.415430563,19.31,-1.39,-0.7
-1.5,0.935158611,0.085582888,25.63,-3.3,2.1
-0.5,0.75,-0.004723958,25.45,-3.85,2.11
-1,0.75,-0.004477581,25.38,-0.73,-1.02
-1,0.5,-0.00226192,25.28,-0.73,-1.01
-1,0.25,0.000777989,25.21,-3.85,2.12
-0.25,0.25,-0.002708214,25,-3.88,2.14
-0.5,0,-0.002823915,25.02,-3.86,2.13
-0.75,-0.75,5.77E-05,25.01,-0.74,-1
-0.5,1.178315427,-0.000311016,24.79,-3.9,2.15
1.163158377,-0.5,-0.001305252,24.8,-3.88,2.15
0,0.685831402,-0.34662114,19.28,-1.32,-0.7
0.0867318,0,0,19.3,-0.85,-0.7
0,1.070569231,0.082464957,24.8,-3.4,2.15
0.25,0,0,24.79,-3.88,2.15
-0.25,-0.5,-0.001463966,24.8,-3.87,2.15
0,-0.25,-0.001930291,24.8,-0.75,-0.99
-0.25,-0.75,0.000903145,24.89,-0.74,-0.98
0,-1,0.00016512,24.77,-3.87,2.15
0,-1,0,24.82,-3.88,2.15
0,0.25,-0.001354415,24.81,-3.86,2.14
0,0,0,24.79,-3.87,2.14
1.879572092,0,0,24.79,-3.87,2.14
1.215588966,0.566607707,-0.334735851,19.28,-1.33,-0.7
0,0.362770992,0.08201431,24.82,-3.39,2.15
0,0,0,24.83,-3.88,2.15
0,0.25,-0.001354415,24.81,-3.86,2.14
-0.25,0,0,24.79,-3.87,2.14
0.5,0.25,-0.0019163,24.81,-0.75,-0.99
0,0.5,0.003374796,24.78,-3.88,2.15
0,0,-0.000330975,24.93,-0.74,-0.99
0.25,0.75,-0.000909034,24.83,-0.73,-0.99
0,0.25,0.001903953,24.83,-3.86,2.15
1.232413002,0.75,0.001352923,24.82,-0.75,-0.99
0.990173838,1.816933767,-0.346302858,19.29,-1.33,-0.7
0.25,1.363128577,0.08223593,24.89,-0.27,-0.98
0,1,0.001009973,24.78,-3.86,2.15
0.25,0.75,0.002204415,24.97,-0.77,-0.98
0.25,0.75,0.000102398,24.79,-3.86,2.15
-0.25,0.25,-0.000102473,24.81,-0.74,-0.99
0.5,0.75,0.000102398,24.79,-3.88,2.15
0,0.25,-0.00026736,24.92,-0.75,-0.98
0,0.75,0.001128808,24.81,-3.86,2.15
-0.5,0,0,24.81,-3.87,2.15
1.83991947,0,-0.003853016,24.86,-0.75,-0.99
1.108646294,0.295315103,-0.344083898,19.22,-1.31,-0.7
0,1.221523907,0.082314687,24.9,-0.27,-0.99
0,0,0,24.83,-0.73,-0.99
0,-0.5,-0.00044751,24.9,-3.87,2.15
-0.5,0,0,24.87,-3.87,2.15
0,-1,-0.000849415,24.83,-0.74,-0.99
0,-0.5,0.002251455,24.91,-0.74,-0.98
-0.25,-0.5,-0.002288279,24.88,-0.73,-0.99
-0.25,-1,0.00016983,24.76,-3.86,2.15
0,-0.5,-0.001462251,24.92,-3.88,2.15
0.696355286,0,0,24.88,-3.87,2.15
1.823507507,0.868323257,-0.329006565,19.29,-1.32,-0.69
0,0.046558267,0.081489922,24.92,-0.26,-0.99
0,-0.5,-0.000439367,24.92,-3.87,2.15
-0.25,-0.25,-0.000902815,24.83,-3.86,2.15
-0.25,-0.5,-0.001841204,24.76,-0.74,-0.98
-0.5,-0.25,0.001884548,24.89,-3.88,2.16
0,-0.75,-0.002176643,24.8,-3.87,2.15
-0.25,-0.75,-0.00089678,24.78,-3.87,2.15
-0.25,-0.25,-0.001356057,24.79,-0.74,-0.98
-0.5,-0.75,-0.001965941,24.73,-3.88,2.16
1.237027539,-0.25,0.000156963,24.8,-0.76,-0.97
1.226470451,1.790356425,-0.30215005,19.36,-1.29,-0.7
-0.5,0.097926792,0.07960384,24.75,-3.43,2.16
-0.5,0,-0.000805973,24.59,-3.89,2.16
-1,0,-0.00164706,24.64,-3.88,2.16
-0.75,0,-0.001591636,24.45,-3.9,2.17
-1,-0.25,-0.003483619,24.51,-3.9,2.18
-1,-0.5,-0.001967379,24.39,-3.89,2.18
-1,-0.75,-0.003231653,24.34,-3.89,2.19
-1,-0.5,-0.001919319,24.23,-3.9,2.19
-0.75,-0.75,-0.002766964,24.09,-3.89,2.19
0.274348153,-0.5,-0.002060804,24.16,-3.91,2.21
0.226865614,0.473456488,-0.242714219,19.21,-1.23,-0.7
-0.75,0.186224106,0.074302266,24.24,-3.51,2.2
-0.75,0,-0.000910315,23.92,-3.9,2.2
0,0.75,-0.000789145,23.94,-0.79,-0.93
-0.75,0.75,-0.001224171,23.92,-0.76,-0.93
-0.75,0.75,-7.54E-05,23.79,-3.9,2.22
-0.5,0.24895298,-0.002848081,23.69,-0.79,-0.91
0,0.5,-0.002756105,23.52,-3.91,2.23
0,1.25,0.000820173,23.54,-0.77,-0.91
0.5,0.75,-0.000825395,23.43,-3.9,2.23
1.22105392,0,0.000702093,23.51,-3.89,2.23
1.945219522,0.273528511,-0.215916173,19.04,-4.31,2.43
0.5,1.379806361,0.072307848,23.89,-3.58,2.23
0,0.25,0.001527399,23.63,-0.76,-0.91
0,0.25,-0.000830823,23.56,-0.76,-0.91
-1,0.5,0,23.52,-3.9,2.22
-0.5,0.75,-0.002633533,23.39,-3.91,2.23
-1,0.5,-0.00107235,23.34,-3.91,2.24
-0.75,1.5,-0.001765864,23.18,-3.92,2.24
-1.25,2,-0.002995623,23.01,-3.91,2.25
-1,2,-0.000494586,22.81,-3.93,2.26
1.949979878,0.214101173,-0.001712978,22.62,-3.92,2.27
1.542398003,0.864104647,-0.191209154,18.86,-4.22,2.43
-0.25,0.129135559,0.067213739,22.84,-3.7,2.29
-1,1.5,-0.001186498,22.2,-0.78,-0.85
-0.5,0.624938282,-0.006371078,22.37,-3.88,2.28
-0.5,1.1068532,-0.000974544,22.23,-3.9,2.29
-0.75,1.449408863,-0.004170646,21.98,-0.77,-0.84
-0.75,1.5,-0.000774429,21.75,-3.88,2.3
-0.5,1.411881214,-0.001384711,21.53,-3.91,2.32
-0.5,1,-0.003159361,21.44,-3.88,2.32
-0.25,2,-0.000607884,21.22,-3.88,2.33
1.568046429,2,-0.003540383,21.01,-3.86,2.32
0.194209518,0.898800389,-0.131443277,18.23,-4.07,2.43
-1,0.402138754,0.057619627,22.24,-3.79,2.33
-0.5,2,-0.001187449,20.62,-3.87,2.34
-0.75,2,-0.004198998,20.44,-0.72,-0.79
-1.5,1.75,-0.004983874,20.11,-0.7,-0.79
1.26052919,1.75,-0.003015853,19.77,-3.84,2.36
-1,1.75,-0.007758714,19.4,-0.71,-0.76
-1.5,0.75,-0.00395545,18.98,-3.78,2.39
0.639927784,1.458735545,0.0006056,18.03,-0.7,-0.72
